Date,Country,Holiday
"2014, 1, 1",Denmark, Nytårsdag
"2014, 4, 17",Denmark, Skærtorsdag
"2014, 4, 18",Denmark, Langfredag
"2014, 4, 20",Denmark, Påskedag
"2014, 4, 21",Denmark, Anden påskedag
"2014, 5, 16",Denmark, Store bededag
"2014, 5, 29",Denmark, Kristi himmelfartsdag
"2014, 6, 8",Denmark, Pinsedag
"2014, 6, 9",Denmark, Anden pinsedag
"2014, 12, 25",Denmark, Juledag
"2014, 12, 26",Denmark, Anden juledag
"2011, 1, 1",Denmark, Nytårsdag
"2011, 4, 21",Denmark, Skærtorsdag
"2011, 4, 22",Denmark, Langfredag
"2011, 4, 24",Denmark, Påskedag
"2011, 4, 25",Denmark, Anden påskedag
"2011, 5, 20",Denmark, Store bededag
"2011, 6, 2",Denmark, Kristi himmelfartsdag
"2011, 6, 12",Denmark, Pinsedag
"2011, 6, 13",Denmark, Anden pinsedag
"2011, 12, 25",Denmark, Juledag
"2011, 12, 26",Denmark, Anden juledag
"2012, 1, 1",Denmark, Nytårsdag
"2012, 4, 5",Denmark, Skærtorsdag
"2012, 4, 6",Denmark, Langfredag
"2012, 4, 8",Denmark, Påskedag
"2012, 4, 9",Denmark, Anden påskedag
"2012, 5, 4",Denmark, Store bededag
"2012, 5, 17",Denmark, Kristi himmelfartsdag
"2012, 5, 27",Denmark, Pinsedag
"2012, 5, 28",Denmark, Anden pinsedag
"2012, 12, 25",Denmark, Juledag
"2012, 12, 26",Denmark, Anden juledag
"2013, 1, 1",Denmark, Nytårsdag
"2013, 3, 28",Denmark, Skærtorsdag
"2013, 3, 29",Denmark, Langfredag
"2013, 3, 31",Denmark, Påskedag
"2013, 4, 1",Denmark, Anden påskedag
"2013, 4, 26",Denmark, Store bededag
"2013, 5, 9",Denmark, Kristi himmelfartsdag
"2013, 5, 19",Denmark, Pinsedag
"2013, 5, 20",Denmark, Anden pinsedag
"2013, 12, 25",Denmark, Juledag
"2013, 12, 26",Denmark, Anden juledag
"2015, 1, 1",Denmark, Nytårsdag
"2015, 4, 2",Denmark, Skærtorsdag
"2015, 4, 3",Denmark, Langfredag
"2015, 4, 5",Denmark, Påskedag
"2015, 4, 6",Denmark, Anden påskedag
"2015, 5, 1",Denmark, Store bededag
"2015, 5, 14",Denmark, Kristi himmelfartsdag
"2015, 5, 24",Denmark, Pinsedag
"2015, 5, 25",Denmark, Anden pinsedag
"2015, 12, 25",Denmark, Juledag
"2015, 12, 26",Denmark, Anden juledag
"2016, 1, 1",Denmark, Nytårsdag
"2016, 3, 24",Denmark, Skærtorsdag
"2016, 3, 25",Denmark, Langfredag
"2016, 3, 27",Denmark, Påskedag
"2016, 3, 28",Denmark, Anden påskedag
"2016, 4, 22",Denmark, Store bededag
"2016, 5, 5",Denmark, Kristi himmelfartsdag
"2016, 5, 15",Denmark, Pinsedag
"2016, 5, 16",Denmark, Anden pinsedag
"2016, 12, 25",Denmark, Juledag
"2016, 12, 26",Denmark, Anden juledag
"2017, 1, 1",Denmark, Nytårsdag
"2017, 4, 13",Denmark, Skærtorsdag
"2017, 4, 14",Denmark, Langfredag
"2017, 4, 16",Denmark, Påskedag
"2017, 4, 17",Denmark, Anden påskedag
"2017, 5, 12",Denmark, Store bededag
"2017, 5, 25",Denmark, Kristi himmelfartsdag
"2017, 6, 4",Denmark, Pinsedag
"2017, 6, 5",Denmark, Anden pinsedag
"2017, 12, 25",Denmark, Juledag
"2017, 12, 26",Denmark, Anden juledag
"2018, 1, 1",Denmark, Nytårsdag
"2018, 3, 29",Denmark, Skærtorsdag
"2018, 3, 30",Denmark, Langfredag
"2018, 4, 1",Denmark, Påskedag
"2018, 4, 2",Denmark, Anden påskedag
"2018, 4, 27",Denmark, Store bededag
"2018, 5, 10",Denmark, Kristi himmelfartsdag
"2018, 5, 20",Denmark, Pinsedag
"2018, 5, 21",Denmark, Anden pinsedag
"2018, 12, 25",Denmark, Juledag
"2018, 12, 26",Denmark, Anden juledag}
"2014, 1, 1",Belgium, Nieuwjaarsdag
"2014, 4, 20",Belgium, Pasen
"2014, 4, 21",Belgium, Paasmaandag
"2014, 5, 29",Belgium, O.L.H. Hemelvaart
"2014, 6, 8",Belgium, Pinksteren
"2014, 6, 9",Belgium, Pinkstermaandag
"2014, 5, 1",Belgium, Dag van de Arbeid
"2014, 7, 21",Belgium, Nationale feestdag
"2014, 8, 15",Belgium, O.L.V. Hemelvaart
"2014, 11, 1",Belgium, Allerheiligen
"2014, 11, 11",Belgium, Wapenstilstand
"2014, 12, 25",Belgium, Kerstmis
"2013, 1, 1",Belgium, Nieuwjaarsdag
"2013, 3, 31",Belgium, Pasen
"2013, 4, 1",Belgium, Paasmaandag
"2013, 5, 9",Belgium, O.L.H. Hemelvaart
"2013, 5, 19",Belgium, Pinksteren
"2013, 5, 20",Belgium, Pinkstermaandag
"2013, 5, 1",Belgium, Dag van de Arbeid
"2013, 7, 21",Belgium, Nationale feestdag
"2013, 8, 15",Belgium, O.L.V. Hemelvaart
"2013, 11, 1",Belgium, Allerheiligen
"2013, 11, 11",Belgium, Wapenstilstand
"2013, 12, 25",Belgium, Kerstmis
"2012, 1, 1",Belgium, Nieuwjaarsdag
"2012, 4, 8",Belgium, Pasen
"2012, 4, 9",Belgium, Paasmaandag
"2012, 5, 17",Belgium, O.L.H. Hemelvaart
"2012, 5, 27",Belgium, Pinksteren
"2012, 5, 28",Belgium, Pinkstermaandag
"2012, 5, 1",Belgium, Dag van de Arbeid
"2012, 7, 21",Belgium, Nationale feestdag
"2012, 8, 15",Belgium, O.L.V. Hemelvaart
"2012, 11, 1",Belgium, Allerheiligen
"2012, 11, 11",Belgium, Wapenstilstand
"2012, 12, 25",Belgium, Kerstmis
"2011, 1, 1",Belgium, Nieuwjaarsdag
"2011, 4, 24",Belgium, Pasen
"2011, 4, 25",Belgium, Paasmaandag
"2011, 6, 2",Belgium, O.L.H. Hemelvaart
"2011, 6, 12",Belgium, Pinksteren
"2011, 6, 13",Belgium, Pinkstermaandag
"2011, 5, 1",Belgium, Dag van de Arbeid
"2011, 7, 21",Belgium, Nationale feestdag
"2011, 8, 15",Belgium, O.L.V. Hemelvaart
"2011, 11, 1",Belgium, Allerheiligen
"2011, 11, 11",Belgium, Wapenstilstand
"2011, 12, 25",Belgium, Kerstmis
"2015, 1, 1",Belgium, Nieuwjaarsdag
"2015, 4, 5",Belgium, Pasen
"2015, 4, 6",Belgium, Paasmaandag
"2015, 5, 14",Belgium, O.L.H. Hemelvaart
"2015, 5, 24",Belgium, Pinksteren
"2015, 5, 25",Belgium, Pinkstermaandag
"2015, 5, 1",Belgium, Dag van de Arbeid
"2015, 7, 21",Belgium, Nationale feestdag
"2015, 8, 15",Belgium, O.L.V. Hemelvaart
"2015, 11, 1",Belgium, Allerheiligen
"2015, 11, 11",Belgium, Wapenstilstand
"2015, 12, 25",Belgium, Kerstmis
"2016, 1, 1",Belgium, Nieuwjaarsdag
"2016, 3, 27",Belgium, Pasen
"2016, 3, 28",Belgium, Paasmaandag
"2016, 5, 5",Belgium, O.L.H. Hemelvaart
"2016, 5, 15",Belgium, Pinksteren
"2016, 5, 16",Belgium, Pinkstermaandag
"2016, 5, 1",Belgium, Dag van de Arbeid
"2016, 7, 21",Belgium, Nationale feestdag
"2016, 8, 15",Belgium, O.L.V. Hemelvaart
"2016, 11, 1",Belgium, Allerheiligen
"2016, 11, 11",Belgium, Wapenstilstand
"2016, 12, 25",Belgium, Kerstmis
"2017, 1, 1",Belgium, Nieuwjaarsdag
"2017, 4, 16",Belgium, Pasen
"2017, 4, 17",Belgium, Paasmaandag
"2017, 5, 25",Belgium, O.L.H. Hemelvaart
"2017, 6, 4",Belgium, Pinksteren
"2017, 6, 5",Belgium, Pinkstermaandag
"2017, 5, 1",Belgium, Dag van de Arbeid
"2017, 7, 21",Belgium, Nationale feestdag
"2017, 8, 15",Belgium, O.L.V. Hemelvaart
"2017, 11, 1",Belgium, Allerheiligen
"2017, 11, 11",Belgium, Wapenstilstand
"2017, 12, 25",Belgium, Kerstmis
"2018, 1, 1",Belgium, Nieuwjaarsdag
"2018, 4, 1",Belgium, Pasen
"2018, 4, 2",Belgium, Paasmaandag
"2018, 5, 10",Belgium, O.L.H. Hemelvaart
"2018, 5, 20",Belgium, Pinksteren
"2018, 5, 21",Belgium, Pinkstermaandag
"2018, 5, 1",Belgium, Dag van de Arbeid
"2018, 7, 21",Belgium, Nationale feestdag
"2018, 8, 15",Belgium, O.L.V. Hemelvaart
"2018, 11, 1",Belgium, Allerheiligen
"2018, 11, 11",Belgium, Wapenstilstand
"2018, 12, 25",Belgium, Kerstmis
"2018, 1, 1",Argentina," ""Año Nuevo [New Years Day]"""
"2018, 2, 12",Argentina," ""Día de Carnaval [Carnivals Day]"""
"2018, 2, 13",Argentina," ""Día de Carnaval [Carnivals Day]"""
"2018, 3, 24",Argentina," ""Día Nacional de la Memoria por la Verdad y la Justicia [Memorys National Day for the Truth and Justice]"""
"2018, 3, 29",Argentina, Semana Santa 
"2018, 3, 30",Argentina, Semana Santa 
"2018, 4, 1",Argentina, Día de Pascuas [Easter Day]
"2018, 4, 2",Argentina, Día del Veterano y de los Caidos en la Guerra de Malvinas [Veterans Dayand the Fallen in the Malvinas War]
"2018, 5, 1",Argentina, Día del Trabajo [Labour Day]
"2018, 5, 25",Argentina, Día de la Revolucion de Mayo [May Revolution Day]
"2018, 6, 17",Argentina, Día Pase a la Inmortalidad del General Martín Miguel de Güemes [Day Pass to the Immortality of General Martín Miguel de Güemes]
"2018, 6, 20",Argentina, Día Pase a la Inmortalidad del General D. Manuel Belgrano [Day Pass to the Immortality of General D. Manuel Belgrano]
"2018, 7, 9",Argentina, Día de la Independencia [Independence Day]
"2018, 8, 17",Argentina, Día Pase a la Inmortalidad del General D. José de San Martin [Day Pass to the Immortality of General D. José de San Martin]
"2018, 10, 12",Argentina, Día del Respeto a la Diversidad Cultural [Respect for Cultural Diversity Day]
"2018, 11, 20",Argentina, Día Nacional de la Soberanía [National Sovereignty Day]
"2018, 12, 8",Argentina, La Inmaculada Concepción [Immaculate Conception]
"2018, 12, 25",Argentina, Navidad [Christmas]
"2017, 1, 1",Argentina," ""Año Nuevo [New Years Day]"""
"2017, 2, 27",Argentina," ""Día de Carnaval [Carnivals Day]"""
"2017, 2, 28",Argentina," ""Día de Carnaval [Carnivals Day]"""
"2017, 3, 24",Argentina," ""Día Nacional de la Memoria por la Verdad y la Justicia [Memorys National Day for the Truth and Justice]"""
"2017, 4, 13",Argentina, Semana Santa 
"2017, 4, 14",Argentina, Semana Santa 
"2017, 4, 16",Argentina, Día de Pascuas [Easter Day]
"2017, 4, 2",Argentina, Día del Veterano y de los Caidos en la Guerra de Malvinas [Veterans Dayand the Fallen in the Malvinas War]
"2017, 5, 1",Argentina, Día del Trabajo [Labour Day]
"2017, 5, 25",Argentina, Día de la Revolucion de Mayo [May Revolution Day]
"2017, 6, 17",Argentina, Día Pase a la Inmortalidad del General Martín Miguel de Güemes [Day Pass to the Immortality of General Martín Miguel de Güemes]
"2017, 6, 20",Argentina, Día Pase a la Inmortalidad del General D. Manuel Belgrano [Day Pass to the Immortality of General D. Manuel Belgrano]
"2017, 7, 9",Argentina, Día de la Independencia [Independence Day]
"2017, 8, 17",Argentina, Día Pase a la Inmortalidad del General D. José de San Martin [Day Pass to the Immortality of General D. José de San Martin]
"2017, 10, 12",Argentina, Día del Respeto a la Diversidad Cultural [Respect for Cultural Diversity Day]
"2017, 11, 20",Argentina, Día Nacional de la Soberanía [National Sovereignty Day]
"2017, 12, 8",Argentina, La Inmaculada Concepción [Immaculate Conception]
"2017, 12, 25",Argentina, Navidad [Christmas]
"2016, 1, 1",Argentina," ""Año Nuevo [New Years Day]"""
"2016, 2, 8",Argentina," ""Día de Carnaval [Carnivals Day]"""
"2016, 2, 9",Argentina," ""Día de Carnaval [Carnivals Day]"""
"2016, 3, 24",Argentina," ""Semana Santa "
"2016, 3, 25",Argentina, Semana Santa 
"2016, 3, 27",Argentina, Día de Pascuas [Easter Day]
"2016, 4, 2",Argentina, Día del Veterano y de los Caidos en la Guerra de Malvinas [Veterans Dayand the Fallen in the Malvinas War]
"2016, 5, 1",Argentina, Día del Trabajo [Labour Day]
"2016, 5, 25",Argentina, Día de la Revolucion de Mayo [May Revolution Day]
"2016, 6, 17",Argentina, Día Pase a la Inmortalidad del General Martín Miguel de Güemes [Day Pass to the Immortality of General Martín Miguel de Güemes]
"2016, 6, 20",Argentina, Día Pase a la Inmortalidad del General D. Manuel Belgrano [Day Pass to the Immortality of General D. Manuel Belgrano]
"2016, 7, 9",Argentina, Día de la Independencia [Independence Day]
"2016, 8, 17",Argentina, Día Pase a la Inmortalidad del General D. José de San Martin [Day Pass to the Immortality of General D. José de San Martin]
"2016, 10, 12",Argentina, Día del Respeto a la Diversidad Cultural [Respect for Cultural Diversity Day]
"2016, 11, 20",Argentina, Día Nacional de la Soberanía [National Sovereignty Day]
"2016, 12, 8",Argentina, La Inmaculada Concepción [Immaculate Conception]
"2016, 12, 25",Argentina, Navidad [Christmas]
"2015, 1, 1",Argentina," ""Año Nuevo [New Years Day]"""
"2015, 2, 16",Argentina," ""Día de Carnaval [Carnivals Day]"""
"2015, 2, 17",Argentina," ""Día de Carnaval [Carnivals Day]"""
"2015, 3, 24",Argentina," ""Día Nacional de la Memoria por la Verdad y la Justicia [Memorys National Day for the Truth and Justice]"""
"2015, 4, 2",Argentina, Día del Veterano y de los Caidos en la Guerra de Malvinas [Veterans Dayand the Fallen in the Malvinas War] Semana Santa 
"2015, 4, 3",Argentina, Semana Santa 
"2015, 4, 5",Argentina, Día de Pascuas [Easter Day]
"2015, 5, 1",Argentina, Día del Trabajo [Labour Day]
"2015, 5, 25",Argentina, Día de la Revolucion de Mayo [May Revolution Day]
"2015, 6, 17",Argentina, Día Pase a la Inmortalidad del General Martín Miguel de Güemes [Day Pass to the Immortality of General Martín Miguel de Güemes]
"2015, 6, 20",Argentina, Día Pase a la Inmortalidad del General D. Manuel Belgrano [Day Pass to the Immortality of General D. Manuel Belgrano]
"2015, 7, 9",Argentina, Día de la Independencia [Independence Day]
"2015, 8, 17",Argentina, Día Pase a la Inmortalidad del General D. José de San Martin [Day Pass to the Immortality of General D. José de San Martin]
"2015, 10, 12",Argentina, Día del Respeto a la Diversidad Cultural [Respect for Cultural Diversity Day]
"2015, 11, 20",Argentina, Día Nacional de la Soberanía [National Sovereignty Day]
"2015, 12, 8",Argentina, La Inmaculada Concepción [Immaculate Conception]
"2015, 12, 25",Argentina, Navidad [Christmas]
"2014, 1, 1",Argentina," ""Año Nuevo [New Years Day]"""
"2014, 3, 3",Argentina," ""Día de Carnaval [Carnivals Day]"""
"2014, 3, 4",Argentina," ""Día de Carnaval [Carnivals Day]"""
"2014, 3, 24",Argentina," ""Día Nacional de la Memoria por la Verdad y la Justicia [Memorys National Day for the Truth and Justice]"""
"2014, 4, 17",Argentina, Semana Santa 
"2014, 4, 18",Argentina, Semana Santa 
"2014, 4, 20",Argentina, Día de Pascuas [Easter Day]
"2014, 4, 2",Argentina, Día del Veterano y de los Caidos en la Guerra de Malvinas [Veterans Dayand the Fallen in the Malvinas War]
"2014, 5, 1",Argentina, Día del Trabajo [Labour Day]
"2014, 5, 25",Argentina, Día de la Revolucion de Mayo [May Revolution Day]
"2014, 6, 17",Argentina, Día Pase a la Inmortalidad del General Martín Miguel de Güemes [Day Pass to the Immortality of General Martín Miguel de Güemes]
"2014, 6, 20",Argentina, Día Pase a la Inmortalidad del General D. Manuel Belgrano [Day Pass to the Immortality of General D. Manuel Belgrano]
"2014, 7, 9",Argentina, Día de la Independencia [Independence Day]
"2014, 8, 17",Argentina, Día Pase a la Inmortalidad del General D. José de San Martin [Day Pass to the Immortality of General D. José de San Martin]
"2014, 10, 12",Argentina, Día del Respeto a la Diversidad Cultural [Respect for Cultural Diversity Day]
"2014, 11, 20",Argentina, Día Nacional de la Soberanía [National Sovereignty Day]
"2014, 12, 8",Argentina, La Inmaculada Concepción [Immaculate Conception]
"2014, 12, 25",Argentina, Navidad [Christmas]
"2013, 1, 1",Argentina," ""Año Nuevo [New Years Day]"""
"2013, 2, 11",Argentina," ""Día de Carnaval [Carnivals Day]"""
"2013, 2, 12",Argentina," ""Día de Carnaval [Carnivals Day]"""
"2013, 3, 24",Argentina," ""Día Nacional de la Memoria por la Verdad y la Justicia [Memorys National Day for the Truth and Justice]"""
"2013, 3, 28",Argentina, Semana Santa 
"2013, 3, 29",Argentina, Semana Santa 
"2013, 3, 31",Argentina, Día de Pascuas [Easter Day]
"2013, 4, 2",Argentina, Día del Veterano y de los Caidos en la Guerra de Malvinas [Veterans Dayand the Fallen in the Malvinas War]
"2013, 5, 1",Argentina, Día del Trabajo [Labour Day]
"2013, 5, 25",Argentina, Día de la Revolucion de Mayo [May Revolution Day]
"2013, 6, 17",Argentina, Día Pase a la Inmortalidad del General Martín Miguel de Güemes [Day Pass to the Immortality of General Martín Miguel de Güemes]
"2013, 6, 20",Argentina, Día Pase a la Inmortalidad del General D. Manuel Belgrano [Day Pass to the Immortality of General D. Manuel Belgrano]
"2013, 7, 9",Argentina, Día de la Independencia [Independence Day]
"2013, 8, 17",Argentina, Día Pase a la Inmortalidad del General D. José de San Martin [Day Pass to the Immortality of General D. José de San Martin]
"2013, 10, 12",Argentina, Día del Respeto a la Diversidad Cultural [Respect for Cultural Diversity Day]
"2013, 11, 20",Argentina, Día Nacional de la Soberanía [National Sovereignty Day]
"2013, 12, 8",Argentina, La Inmaculada Concepción [Immaculate Conception]
"2013, 12, 25",Argentina, Navidad [Christmas]
"2012, 1, 1",Argentina," ""Año Nuevo [New Years Day]"""
"2012, 2, 20",Argentina," ""Día de Carnaval [Carnivals Day]"""
"2012, 2, 21",Argentina," ""Día de Carnaval [Carnivals Day]"""
"2012, 3, 24",Argentina," ""Día Nacional de la Memoria por la Verdad y la Justicia [Memorys National Day for the Truth and Justice]"""
"2012, 4, 5",Argentina, Semana Santa 
"2012, 4, 6",Argentina, Semana Santa 
"2012, 4, 8",Argentina, Día de Pascuas [Easter Day]
"2012, 4, 2",Argentina, Día del Veterano y de los Caidos en la Guerra de Malvinas [Veterans Dayand the Fallen in the Malvinas War]
"2012, 5, 1",Argentina, Día del Trabajo [Labour Day]
"2012, 5, 25",Argentina, Día de la Revolucion de Mayo [May Revolution Day]
"2012, 6, 17",Argentina, Día Pase a la Inmortalidad del General Martín Miguel de Güemes [Day Pass to the Immortality of General Martín Miguel de Güemes]
"2012, 6, 20",Argentina, Día Pase a la Inmortalidad del General D. Manuel Belgrano [Day Pass to the Immortality of General D. Manuel Belgrano]
"2012, 7, 9",Argentina, Día de la Independencia [Independence Day]
"2012, 8, 17",Argentina, Día Pase a la Inmortalidad del General D. José de San Martin [Day Pass to the Immortality of General D. José de San Martin]
"2012, 10, 12",Argentina, Día del Respeto a la Diversidad Cultural [Respect for Cultural Diversity Day]
"2012, 11, 20",Argentina, Día Nacional de la Soberanía [National Sovereignty Day]
"2012, 12, 8",Argentina, La Inmaculada Concepción [Immaculate Conception]
"2012, 12, 25",Argentina, Navidad [Christmas]
"2011, 1, 1",Argentina," ""Año Nuevo [New Years Day]"""
"2011, 3, 7",Argentina," ""Día de Carnaval [Carnivals Day]"""
"2011, 3, 8",Argentina," ""Día de Carnaval [Carnivals Day]"""
"2011, 3, 24",Argentina," ""Día Nacional de la Memoria por la Verdad y la Justicia [Memorys National Day for the Truth and Justice]"""
"2011, 4, 21",Argentina, Semana Santa 
"2011, 4, 22",Argentina, Semana Santa 
"2011, 4, 24",Argentina, Día de Pascuas [Easter Day]
"2011, 4, 2",Argentina, Día del Veterano y de los Caidos en la Guerra de Malvinas [Veterans Dayand the Fallen in the Malvinas War]
"2011, 5, 1",Argentina, Día del Trabajo [Labour Day]
"2011, 5, 25",Argentina, Día de la Revolucion de Mayo [May Revolution Day]
"2011, 6, 17",Argentina, Día Pase a la Inmortalidad del General Martín Miguel de Güemes [Day Pass to the Immortality of General Martín Miguel de Güemes]
"2011, 6, 20",Argentina, Día Pase a la Inmortalidad del General D. Manuel Belgrano [Day Pass to the Immortality of General D. Manuel Belgrano]
"2011, 7, 9",Argentina, Día de la Independencia [Independence Day]
"2011, 8, 17",Argentina, Día Pase a la Inmortalidad del General D. José de San Martin [Day Pass to the Immortality of General D. José de San Martin]
"2011, 10, 12",Argentina, Día del Respeto a la Diversidad Cultural [Respect for Cultural Diversity Day]
"2011, 11, 20",Argentina, Día Nacional de la Soberanía [National Sovereignty Day]
"2011, 12, 8",Argentina, La Inmaculada Concepción [Immaculate Conception]
"2011, 12, 25",Argentina, Navidad [Christmas]}
"2011, 5, 1",Columbia, Día del Trabajo [Labour Day]
"2011, 7, 20",Columbia, Día de la Independencia [Independence Day]
"2011, 8, 7",Columbia, Batalla de Boyacá [Battle of Boyacá]
"2011, 12, 8",Columbia, La Inmaculada Concepción [Immaculate Conception]
"2011, 12, 25",Columbia, Navidad [Christmas]
"2011, 1, 10",Columbia, Día de los Reyes Magos [Epiphany]
"2011, 3, 21",Columbia," ""Día de San José [Saint Josephs Day]"
"2011, 7, 4",Columbia, Sagrado Corazón [Sacred Heart]
"2011, 8, 15",Columbia, La Asunción [Assumption of Mary]
"2011, 10, 17",Columbia, Descubrimiento de América [Discovery of America]
"2011, 11, 7",Columbia," ""Dia de Todos los Santos [All Saints Day]"
"2011, 11, 14",Columbia, Independencia de Cartagena [Independence of Cartagena]
"2011, 4, 21",Columbia, Jueves Santo [Maundy Thursday]
"2011, 4, 22",Columbia, Viernes Santo [Good Friday]
"2011, 6, 6",Columbia, Ascensión del señor [Ascension of Jesus]
"2011, 6, 27",Columbia, Corpus Christi [Corpus Christi]
"2012, 5, 1",Columbia, Día del Trabajo [Labour Day]
"2012, 7, 20",Columbia, Día de la Independencia [Independence Day]
"2012, 8, 7",Columbia, Batalla de Boyacá [Battle of Boyacá]
"2012, 12, 25",Columbia, Navidad [Christmas]
"2012, 1, 9",Columbia, Día de los Reyes Magos [Epiphany]
"2012, 3, 19",Columbia," ""Día de San José [Saint Josephs Day]"""
"2012, 7, 2",Columbia, San Pedro y San Pablo [Saint Peter and Saint Paul]
"2012, 8, 20",Columbia, La Asunción [Assumption of Mary]
"2012, 10, 15",Columbia, Descubrimiento de América [Discovery of America]
"2012, 11, 5",Columbia," ""Dia de Todos los Santos [All Saints Day]"
"2012, 11, 12",Columbia, Independencia de Cartagena [Independence of Cartagena]
"2012, 4, 5",Columbia, Jueves Santo [Maundy Thursday]
"2012, 4, 6",Columbia, Viernes Santo [Good Friday]
"2012, 5, 21",Columbia, Ascensión del señor [Ascension of Jesus]
"2012, 6, 11",Columbia, Corpus Christi [Corpus Christi]
"2012, 6, 18",Columbia, Sagrado Corazón [Sacred Heart]
"2013, 1, 1",Columbia," ""Año Nuevo [New Years Day]"""
"2013, 5, 1",Columbia, Día del Trabajo [Labour Day]
"2013, 8, 7",Columbia, Batalla de Boyacá [Battle of Boyacá]
"2013, 12, 25",Columbia, Navidad [Christmas]
"2013, 1, 7",Columbia, Día de los Reyes Magos [Epiphany]
"2013, 3, 25",Columbia," ""Día de San José [Saint Josephs Day]"
"2013, 7, 1",Columbia, San Pedro y San Pablo [Saint Peter and Saint Paul]
"2013, 8, 19",Columbia, La Asunción [Assumption of Mary]
"2013, 10, 14",Columbia, Descubrimiento de América [Discovery of America]
"2013, 11, 4",Columbia," ""Dia de Todos los Santos [All Saints Day]"
"2013, 11, 11",Columbia, Independencia de Cartagena [Independence of Cartagena]
"2013, 3, 28",Columbia, Jueves Santo [Maundy Thursday]
"2013, 3, 29",Columbia, Viernes Santo [Good Friday]
"2013, 5, 13",Columbia, Ascensión del señor [Ascension of Jesus]
"2013, 6, 3",Columbia, Corpus Christi [Corpus Christi]
"2013, 6, 10",Columbia, Sagrado Corazón [Sacred Heart]
"2014, 1, 1",Columbia," ""Año Nuevo [New Years Day]"""
"2014, 5, 1",Columbia, Día del Trabajo [Labour Day]
"2014, 8, 7",Columbia, Batalla de Boyacá [Battle of Boyacá]
"2014, 12, 8",Columbia, La Inmaculada Concepción [Immaculate Conception]
"2014, 12, 25",Columbia, Navidad [Christmas]
"2014, 1, 6",Columbia, Día de los Reyes Magos [Epiphany]
"2014, 3, 24",Columbia," ""Día de San José [Saint Josephs Day]"
"2014, 6, 30",Columbia, Sagrado Corazón [Sacred Heart]
"2014, 8, 18",Columbia, La Asunción [Assumption of Mary]
"2014, 10, 13",Columbia, Descubrimiento de América [Discovery of America]
"2014, 11, 3",Columbia," ""Dia de Todos los Santos [All Saints Day]"
"2014, 11, 17",Columbia, Independencia de Cartagena [Independence of Cartagena]
"2014, 4, 17",Columbia, Jueves Santo [Maundy Thursday]
"2014, 4, 18",Columbia, Viernes Santo [Good Friday]
"2014, 6, 2",Columbia, Ascensión del señor [Ascension of Jesus]
"2014, 6, 23",Columbia, Corpus Christi [Corpus Christi]
"2015, 1, 1",Columbia," ""Año Nuevo [New Years Day]"""
"2015, 5, 1",Columbia, Día del Trabajo [Labour Day]
"2015, 7, 20",Columbia, Día de la Independencia [Independence Day]
"2015, 8, 7",Columbia, Batalla de Boyacá [Battle of Boyacá]
"2015, 12, 8",Columbia, La Inmaculada Concepción [Immaculate Conception]
"2015, 12, 25",Columbia, Navidad [Christmas]
"2015, 1, 12",Columbia, Día de los Reyes Magos [Epiphany]
"2015, 3, 23",Columbia," ""Día de San José [Saint Josephs Day]"
"2015, 6, 29",Columbia, San Pedro y San Pablo [Saint Peter and Saint Paul]
"2015, 8, 17",Columbia, La Asunción [Assumption of Mary]
"2015, 10, 12",Columbia, Descubrimiento de América [Discovery of America]
"2015, 11, 2",Columbia," ""Dia de Todos los Santos [All Saints Day]"
"2015, 11, 16",Columbia, Independencia de Cartagena [Independence of Cartagena]
"2015, 4, 2",Columbia, Jueves Santo [Maundy Thursday]
"2015, 4, 3",Columbia, Viernes Santo [Good Friday]
"2015, 5, 18",Columbia, Ascensión del señor [Ascension of Jesus]
"2015, 6, 8",Columbia, Corpus Christi [Corpus Christi]
"2015, 6, 15",Columbia, Sagrado Corazón [Sacred Heart]
"2016, 1, 1",Columbia," ""Año Nuevo [New Years Day]"""
"2016, 5, 1",Columbia, Día del Trabajo [Labour Day]
"2016, 7, 20",Columbia, Día de la Independencia [Independence Day]
"2016, 8, 7",Columbia, Batalla de Boyacá [Battle of Boyacá]
"2016, 12, 8",Columbia, La Inmaculada Concepción [Immaculate Conception]
"2016, 12, 25",Columbia, Navidad [Christmas]
"2016, 1, 11",Columbia, Día de los Reyes Magos [Epiphany]
"2016, 3, 21",Columbia," ""Día de San José [Saint Josephs Day]"
"2016, 7, 4",Columbia, San Pedro y San Pablo [Saint Peter and Saint Paul]
"2016, 8, 15",Columbia, La Asunción [Assumption of Mary]
"2016, 10, 17",Columbia, Descubrimiento de América [Discovery of America]
"2016, 11, 7",Columbia," ""Dia de Todos los Santos [All Saints Day]"
"2016, 11, 14",Columbia, Independencia de Cartagena [Independence of Cartagena]
"2016, 3, 24",Columbia, Jueves Santo [Maundy Thursday]
"2016, 3, 25",Columbia, Viernes Santo [Good Friday]
"2016, 5, 9",Columbia, Ascensión del señor [Ascension of Jesus]
"2016, 5, 30",Columbia, Corpus Christi [Corpus Christi]
"2016, 6, 6",Columbia, Sagrado Corazón [Sacred Heart]
"2017, 5, 1",Columbia, Día del Trabajo [Labour Day]
"2017, 7, 20",Columbia, Día de la Independencia [Independence Day]
"2017, 8, 7",Columbia, Batalla de Boyacá [Battle of Boyacá]
"2017, 12, 8",Columbia, La Inmaculada Concepción [Immaculate Conception]
"2017, 12, 25",Columbia, Navidad [Christmas]
"2017, 1, 9",Columbia, Día de los Reyes Magos [Epiphany]
"2017, 3, 20",Columbia," ""Día de San José [Saint Josephs Day]"
"2017, 7, 3",Columbia, San Pedro y San Pablo [Saint Peter and Saint Paul]
"2017, 8, 21",Columbia, La Asunción [Assumption of Mary]
"2017, 10, 16",Columbia, Descubrimiento de América [Discovery of America]
"2017, 11, 6",Columbia," ""Dia de Todos los Santos [All Saints Day]"
"2017, 11, 13",Columbia, Independencia de Cartagena [Independence of Cartagena]
"2017, 4, 13",Columbia, Jueves Santo [Maundy Thursday]
"2017, 4, 14",Columbia, Viernes Santo [Good Friday]
"2017, 5, 29",Columbia, Ascensión del señor [Ascension of Jesus]
"2017, 6, 19",Columbia, Corpus Christi [Corpus Christi]
"2017, 6, 26",Columbia, Sagrado Corazón [Sacred Heart]
"2018, 1, 1",Columbia," ""Año Nuevo [New Years Day]"""
"2018, 5, 1",Columbia, Día del Trabajo [Labour Day]
"2018, 7, 20",Columbia, Día de la Independencia [Independence Day]
"2018, 8, 7",Columbia, Batalla de Boyacá [Battle of Boyacá]
"2018, 12, 25",Columbia, Navidad [Christmas]
"2018, 1, 8",Columbia, Día de los Reyes Magos [Epiphany]
"2018, 3, 19",Columbia," ""Día de San José [Saint Josephs Day]"""
"2018, 7, 2",Columbia, San Pedro y San Pablo [Saint Peter and Saint Paul]
"2018, 8, 20",Columbia, La Asunción [Assumption of Mary]
"2018, 10, 15",Columbia, Descubrimiento de América [Discovery of America]
"2018, 11, 5",Columbia," ""Dia de Todos los Santos [All Saints Day]"
"2018, 11, 12",Columbia, Independencia de Cartagena [Independence of Cartagena]
"2018, 3, 29",Columbia, Jueves Santo [Maundy Thursday]
"2018, 3, 30",Columbia, Viernes Santo [Good Friday]
"2018, 5, 14",Columbia, Ascensión del señor [Ascension of Jesus]
"2018, 6, 4",Columbia, Corpus Christi [Corpus Christi]
"2018, 6, 11",Columbia, Sagrado Corazón [Sacred Heart]
"2018, 1, 1",England," ""New Years Day"""
"2018, 3, 30",England, Good Friday
"2018, 4, 2",England, Easter Monday
"2018, 5, 7",England, May Day
"2018, 5, 28",England, Spring Bank Holiday
"2018, 8, 27",England, Late Summer Bank Holiday
"2018, 12, 25",England, Christmas Day
"2018, 12, 26",England, Boxing Day
"2017, 1, 1",England," ""New Years Day"""
"2017, 1, 2",England," ""New Years Day "
"2017, 4, 14",England, Good Friday
"2017, 4, 17",England, Easter Monday
"2017, 5, 1",England, May Day
"2017, 5, 29",England, Spring Bank Holiday
"2017, 8, 28",England, Late Summer Bank Holiday
"2017, 12, 25",England, Christmas Day
"2017, 12, 26",England, Boxing Day
"2016, 1, 1",England," ""New Years Day"""
"2016, 3, 25",England, Good Friday
"2016, 3, 28",England, Easter Monday
"2016, 5, 2",England, May Day
"2016, 5, 30",England, Spring Bank Holiday
"2016, 8, 29",England, Late Summer Bank Holiday
"2016, 12, 25",England, Christmas Day
"2016, 12, 27",England, Christmas Day 
"2016, 12, 26",England, Boxing Day
"2015, 1, 1",England," ""New Years Day"""
"2015, 4, 3",England, Good Friday
"2015, 4, 6",England, Easter Monday
"2015, 5, 4",England, May Day
"2015, 5, 25",England, Spring Bank Holiday
"2015, 8, 31",England, Late Summer Bank Holiday
"2015, 12, 25",England, Christmas Day
"2015, 12, 26",England, Boxing Day
"2015, 12, 28",England, Boxing Day 
"2014, 1, 1",England," ""New Years Day"""
"2014, 4, 18",England, Good Friday
"2014, 4, 21",England, Easter Monday
"2014, 5, 5",England, May Day
"2014, 5, 26",England, Spring Bank Holiday
"2014, 8, 25",England, Late Summer Bank Holiday
"2014, 12, 25",England, Christmas Day
"2014, 12, 26",England, Boxing Day
"2013, 1, 1",England," ""New Years Day"""
"2013, 3, 29",England, Good Friday
"2013, 4, 1",England, Easter Monday
"2013, 5, 6",England, May Day
"2013, 5, 27",England, Spring Bank Holiday
"2013, 8, 26",England, Late Summer Bank Holiday
"2013, 12, 25",England, Christmas Day
"2013, 12, 26",England, Boxing Day
"2012, 1, 1",England," ""New Years Day"""
"2012, 1, 2",England," ""New Years Day "
"2012, 4, 6",England, Good Friday
"2012, 4, 9",England, Easter Monday
"2012, 5, 7",England, May Day
"2012, 6, 4",England, Spring Bank Holiday
"2012, 8, 27",England, Late Summer Bank Holiday
"2012, 12, 25",England, Christmas Day
"2012, 12, 26",England, Boxing Day
"2012, 6, 5",England, Diamond Jubilee of Elizabeth II
"2011, 1, 1",England," ""New Years Day"""
"2011, 1, 3",England," ""New Years Day "
"2011, 4, 22",England, Good Friday
"2011, 4, 25",England, Easter Monday
"2011, 5, 2",England, May Day
"2011, 5, 30",England, Spring Bank Holiday
"2011, 8, 29",England, Late Summer Bank Holiday
"2011, 12, 25",England, Christmas Day
"2011, 12, 27",England, Christmas Day 
"2011, 12, 26",England, Boxing Day
"2011, 4, 29",England, Wedding of William and Catherine}
"2011, 1, 1",Finland, Uudenvuodenpäivä
"2011, 1, 6",Finland, Loppiainen
"2011, 4, 22",Finland, Pitkäperjantai
"2011, 4, 24",Finland, Pääsiäispäivä
"2011, 4, 25",Finland, 2. pääsiäispäivä
"2011, 5, 1",Finland, Vappu
"2011, 6, 2",Finland, Helatorstai
"2011, 6, 12",Finland, Helluntaipäivä
"2011, 6, 25",Finland, Juhannuspäivä
"2011, 11, 5",Finland, Pyhäinpäivä
"2011, 12, 6",Finland, Itsenäisyyspäivä
"2011, 12, 25",Finland, Joulupäivä
"2011, 12, 26",Finland, Tapaninpäivä
"2011, 6, 24",Finland, Juhannusaatto
"2011, 12, 24",Finland, Jouluaatto
"2012, 1, 1",Finland, Uudenvuodenpäivä
"2012, 1, 6",Finland, Loppiainen
"2012, 4, 6",Finland, Pitkäperjantai
"2012, 4, 8",Finland, Pääsiäispäivä
"2012, 4, 9",Finland, 2. pääsiäispäivä
"2012, 5, 1",Finland, Vappu
"2012, 5, 17",Finland, Helatorstai
"2012, 5, 27",Finland, Helluntaipäivä
"2012, 6, 23",Finland, Juhannuspäivä
"2012, 11, 3",Finland, Pyhäinpäivä
"2012, 12, 6",Finland, Itsenäisyyspäivä
"2012, 12, 25",Finland, Joulupäivä
"2012, 12, 26",Finland, Tapaninpäivä
"2012, 6, 22",Finland, Juhannusaatto
"2012, 12, 24",Finland, Jouluaatto
"2013, 1, 1",Finland, Uudenvuodenpäivä
"2013, 1, 6",Finland, Loppiainen
"2013, 3, 29",Finland, Pitkäperjantai
"2013, 3, 31",Finland, Pääsiäispäivä
"2013, 4, 1",Finland, 2. pääsiäispäivä
"2013, 5, 1",Finland, Vappu
"2013, 5, 9",Finland, Helatorstai
"2013, 5, 19",Finland, Helluntaipäivä
"2013, 6, 22",Finland, Juhannuspäivä
"2013, 11, 2",Finland, Pyhäinpäivä
"2013, 12, 6",Finland, Itsenäisyyspäivä
"2013, 12, 25",Finland, Joulupäivä
"2013, 12, 26",Finland, Tapaninpäivä
"2013, 6, 21",Finland, Juhannusaatto
"2013, 12, 24",Finland, Jouluaatto
"2014, 1, 1",Finland, Uudenvuodenpäivä
"2014, 1, 6",Finland, Loppiainen
"2014, 4, 18",Finland, Pitkäperjantai
"2014, 4, 20",Finland, Pääsiäispäivä
"2014, 4, 21",Finland, 2. pääsiäispäivä
"2014, 5, 1",Finland, Vappu
"2014, 5, 29",Finland, Helatorstai
"2014, 6, 8",Finland, Helluntaipäivä
"2014, 6, 21",Finland, Juhannuspäivä
"2014, 11, 1",Finland, Pyhäinpäivä
"2014, 12, 6",Finland, Itsenäisyyspäivä
"2014, 12, 25",Finland, Joulupäivä
"2014, 12, 26",Finland, Tapaninpäivä
"2014, 6, 20",Finland, Juhannusaatto
"2014, 12, 24",Finland, Jouluaatto
"2015, 1, 1",Finland, Uudenvuodenpäivä
"2015, 1, 6",Finland, Loppiainen
"2015, 4, 3",Finland, Pitkäperjantai
"2015, 4, 5",Finland, Pääsiäispäivä
"2015, 4, 6",Finland, 2. pääsiäispäivä
"2015, 5, 1",Finland, Vappu
"2015, 5, 14",Finland, Helatorstai
"2015, 5, 24",Finland, Helluntaipäivä
"2015, 6, 20",Finland, Juhannuspäivä
"2015, 10, 31",Finland, Pyhäinpäivä
"2015, 12, 6",Finland, Itsenäisyyspäivä
"2015, 12, 25",Finland, Joulupäivä
"2015, 12, 26",Finland, Tapaninpäivä
"2015, 6, 19",Finland, Juhannusaatto
"2015, 12, 24",Finland, Jouluaatto
"2016, 1, 1",Finland, Uudenvuodenpäivä
"2016, 1, 6",Finland, Loppiainen
"2016, 3, 25",Finland, Pitkäperjantai
"2016, 3, 27",Finland, Pääsiäispäivä
"2016, 3, 28",Finland, 2. pääsiäispäivä
"2016, 5, 1",Finland, Vappu
"2016, 5, 5",Finland, Helatorstai
"2016, 5, 15",Finland, Helluntaipäivä
"2016, 6, 25",Finland, Juhannuspäivä
"2016, 11, 5",Finland, Pyhäinpäivä
"2016, 12, 6",Finland, Itsenäisyyspäivä
"2016, 12, 25",Finland, Joulupäivä
"2016, 12, 26",Finland, Tapaninpäivä
"2016, 6, 24",Finland, Juhannusaatto
"2016, 12, 24",Finland, Jouluaatto
"2017, 1, 1",Finland, Uudenvuodenpäivä
"2017, 1, 6",Finland, Loppiainen
"2017, 4, 14",Finland, Pitkäperjantai
"2017, 4, 16",Finland, Pääsiäispäivä
"2017, 4, 17",Finland, 2. pääsiäispäivä
"2017, 5, 1",Finland, Vappu
"2017, 5, 25",Finland, Helatorstai
"2017, 6, 4",Finland, Helluntaipäivä
"2017, 6, 24",Finland, Juhannuspäivä
"2017, 11, 4",Finland, Pyhäinpäivä
"2017, 12, 6",Finland, Itsenäisyyspäivä
"2017, 12, 25",Finland, Joulupäivä
"2017, 12, 26",Finland, Tapaninpäivä
"2017, 6, 23",Finland, Juhannusaatto
"2017, 12, 24",Finland, Jouluaatto
"2018, 1, 1",Finland, Uudenvuodenpäivä
"2018, 1, 6",Finland, Loppiainen
"2018, 3, 30",Finland, Pitkäperjantai
"2018, 4, 1",Finland, Pääsiäispäivä
"2018, 4, 2",Finland, 2. pääsiäispäivä
"2018, 5, 1",Finland, Vappu
"2018, 5, 10",Finland, Helatorstai
"2018, 5, 20",Finland, Helluntaipäivä
"2018, 6, 23",Finland, Juhannuspäivä
"2018, 11, 3",Finland, Pyhäinpäivä
"2018, 12, 6",Finland, Itsenäisyyspäivä
"2018, 12, 25",Finland, Joulupäivä
"2018, 12, 26",Finland, Tapaninpäivä
"2018, 6, 22",Finland, Juhannusaatto
"2018, 12, 24",Finland, Jouluaatto}
